Files,DNE,RFI,OPCR,Slope,alpha,Modified in v2
UF-H-102169-100-48-L_aligned.ply,697.2515788,0.01747195,1560.88,16.24356771,,
UF-H-102169-101-60-R_aligned.ply,514.4277141,0.010443862,1651.88,166.3779606,,
UF-H-102169-102-62-L_aligned.ply,639.7005166,0.015626221,1612.38,15.49043507,,
UF-H-102169-103-58-R_aligned.ply,531.4888957,0.010719147,1679,13.74072768,,
UF-H-102169-116-35-L_aligned.ply,714.8830431,0.018520879,1619,164.0301158,,
UF-H-102169-118-31-R_aligned.ply,413.737266,0.009929113,1345.5,12.75206661,,
UF-H-102169-118-52-R_aligned.ply,616.84235,0.010340708,1787.88,13.72595031,,
UF-H-102169-119-44-R_aligned.ply,587.2952515,0.011174593,1742.88,13.78993387,,
UF-H-102169-121-46-L_aligned.ply,715.8008437,0.018345387,1703.62,15.89565799,,
UF-H-102169-123-53-L_aligned.ply,653.8533367,0.014583332,1651.25,14.67139886,,
UF-H-102169-14-30-R_aligned.ply,1119.576232,0.02843539,1708.12,157.3374196,,
UF-H-102169-15-28-R_aligned.ply,1084.170678,0.038674017,1545.88,158.3256972,,TRUE
UF-H-102169-16-27-L_aligned.ply,1082.434298,0.029485571,1624.25,19.97265688,,
UF-H-102169-16-33-L_aligned.ply,1085.423196,0.041684342,1468.38,22.32486723,,TRUE
UF-H-102169-18-23-R_aligned.ply,1053.780069,0.026223939,1699.5,160.5206254,,
UF-H-102169-26-36-L_aligned.ply,1188.046104,0.038121808,1651,22.1712226,,TRUE
UF-H-102169-32-48-R_aligned.ply,715.9929369,0.017936053,1626.25,16.34211712,,
UF-H-102169-35-52-R_aligned.ply,754.7284069,0.016540673,1737.12,16.01878363,,
UF-H-102169-36-37-R_aligned.ply,606.4147765,0.015098454,1524,164.9601806,,
UF-H-102169-36-45-L_aligned.ply,882.8637321,0.026467555,1596.88,19.04986377,,
UF-H-102169-37-57-L_aligned.ply,911.9969672,0.024178275,1676.25,18.45825795,,
UF-H-102169-38-39-L_aligned.ply,816.8059975,0.02517998,1570.88,18.35758634,,
UF-H-102169-57-65-R_aligned.ply,795.1493312,0.01912267,1776.12,16.25679717,,
UF-H-102169-58-35-R_aligned.ply,508.8752535,0.012705924,1484.5,14.05352419,,
UF-H-102169-58-48-R_aligned.ply,632.6567543,0.018028325,1593.75,164.1170773,,
UF-H-102169-60-31-L_aligned.ply,704.1794383,0.018848164,1590,164.2187789,,
UF-H-102169-60-44-L_aligned.ply,778.597968,0.021700084,1598.88,162.6122982,,
UF-H-102169-62-63-L_aligned.ply,690.7875297,0.018401044,1574.75,16.50669788,,
UF-H-102169-79-41-R_aligned.ply,510.2425032,0.013148535,1458.88,14.09110345,,
UF-H-102169-80-52-R_aligned.ply,596.1202139,0.015011402,1631.75,165.0701365,,
UF-H-102169-80-67-R_aligned.ply,694.2271476,0.020547156,1560.12,17.64830248,,TRUE
UF-H-102169-82-30-L_aligned.ply,544.1259532,0.013751724,1464.38,14.28240784,,
UF-H-102169-84-47-L_aligned.ply,630.8690468,0.017115863,1509.62,163.8903091,,
UF-H-102169-86-67-L_aligned.ply,601.390256,0.016335841,1535.75,15.27812473,,
UF-H-102169-99-27-L_aligned.ply,480.2337921,0.010978462,1377.5,13.36896392,,
UF-H-102169-99-33-R_aligned.ply,344.0965086,0.008622341,1284.88,168.208081,,
UF-H-108856-104-22-R_aligned.ply,580.3332528,0.017820205,1133.62,164.688441,,
UF-H-108856-104-43-R_aligned.ply,1239.666709,0.036056124,1393.88,159.1022328,,
UF-H-108856-104-45-L_aligned.ply,1063.291059,0.030930775,1379.62,160.6343565,,
UF-H-108856-105-64-R_aligned.ply,1789.360957,0.046133248,1554.75,156.1924361,,
UF-H-108856-106-22-L_aligned.ply,680.7567025,0.018117165,1211.75,16.30868452,,
UF-H-108856-109-64-L_aligned.ply,1399.458474,0.033345935,1448.5,160.6894572,,
UF-H-108856-125-27-L_aligned.ply,862.797442,0.027861961,1230.62,161.2838512,,
UF-H-108856-125-39-L_aligned.ply,1450.675054,0.034480179,1531.5,20.17495135,,
UF-H-108856-126-33-R_aligned.ply,1054.180838,0.034567803,1299,159.6028345,,
UF-H-108856-128-54-L_aligned.ply,1868.987519,0.033514497,1528.62,160.6159014,,
UF-H-108856-129-47-R_aligned.ply,1641.697168,0.046095424,1508.62,156.3931432,,
UF-H-108856-129-55-R_aligned.ply,1583.414885,0.043624571,1477.25,157.406955,,
UF-H-108856-13-22-R_aligned.ply,2401.614983,0.04140236,1564.88,158.7514896,,
UF-H-108856-13-39-L_aligned.ply,2171.080848,0.041953275,1785.38,21.77609492,,
UF-H-108856-13-45-R_aligned.ply,2544.119988,0.048838375,1806,23.46806594,,TRUE
UF-H-108856-15-21-L_aligned.ply,1663.691766,0.032757829,1518.75,19.78382068,,
UF-H-108856-15-33-R_aligned.ply,2099.102736,0.043647102,1484.5,158.2070344,,
UF-H-108856-16-28-L_aligned.ply,1948.29336,0.037347398,1759.88,159.1519323,,
UF-H-108856-35-40-R_aligned.ply,2170.035394,0.04108196,1526.62,19.92359552,,
UF-H-108856-35-66-R_aligned.ply,1614.188208,0.027627409,1446.75,17.71920845,,
UF-H-108856-37-30-R_aligned.ply,1178.56359,0.027039516,1306.88,162.6604511,,
UF-H-108856-38-52-L_aligned.ply,2168.646668,0.043210946,1771.75,157.5012137,,
UF-H-108856-39-64-L_aligned.ply,1828.697563,0.035965722,1618.25,20.50968079,,
UF-H-108856-40-34-L_aligned.ply,948.2223593,0.022718133,1286.5,16.72557091,,
UF-H-108856-58-23-R_aligned.ply,588.3653405,0.016290657,1136.38,15.31130731,,
UF-H-108856-58-41-R_aligned.ply,873.9403312,0.019734872,1285.38,163.6637606,,
UF-H-108856-58-66-R_aligned.ply,1297.225347,0.026639816,1427.38,162.2950017,,
UF-H-108856-62-23-L_aligned.ply,641.1399556,0.017928164,1199.38,15.80352931,,
UF-H-108856-62-42-L_aligned.ply,1200.30873,0.030796178,1483.88,160.577462,,
UF-H-108856-65-68-L_aligned.ply,1392.560432,0.031363974,1604.62,19.50153985,,
UF-H-108856-80-20-R_aligned.ply,532.2369247,0.014836411,1086.25,15.18179242,,
UF-H-108856-80-40-R_aligned.ply,964.3192637,0.021909582,1363.25,162.9615129,,
UF-H-108856-84-23-L_aligned.ply,710.5401116,0.019111983,1219.62,163.4551339,,
UF-H-108856-84-64-R_aligned.ply,1759.773004,0.044309641,1591.12,156.8880237,,
UF-H-108856-86-43-L_aligned.ply,1160.112352,0.028379791,1514.5,18.97673729,,
UF-H-108856-87-63-L_aligned.ply,1287.88533,0.032216128,1488,159.9057041,,
UF-H-120930-10-23-R_aligned.ply,1069.192482,0.051219433,959.5,155.9737833,,TRUE
UF-H-120930-112-28-L_aligned.ply,814.5130943,0.034756089,983.12,21.31601914,,
UF-H-120930-113-24-R_aligned.ply,990.3862023,0.037547188,1079.88,21.2155318,,
UF-H-120930-113-70-R_aligned.ply,3372.804265,0.07332536,1510.25,153.2001471,,
UF-H-120930-115-43-R_aligned.ply,1226.740079,0.037334468,1066.62,160.1118281,,
UF-H-120930-116-65-L_aligned.ply,1198.301057,0.041950311,1118,157.855785,,
UF-H-120930-117-47-L_aligned.ply,952.979516,0.037410271,1032.75,158.0668962,,
UF-H-120930-12-52-L_aligned.ply,2372.525452,0.077239884,1377.5,28.90070956,,
UF-H-120930-13-43-R_aligned.ply,2164.748543,0.082375524,1245.75,149.6084816,,
UF-H-120930-13-45-L_aligned.ply,2266.022126,0.076625474,1274.25,151.2894686,,
UF-H-120930-138-62-L_aligned.ply,1388.401316,0.049004708,1088.62,156.0898104,,
UF-H-120930-141-35-L_aligned.ply,846.3342245,0.039287514,953.25,158.7033729,,
UF-H-120930-145-45-L_aligned.ply,972.4158852,0.03930168,1003.25,21.66686412,,
UF-H-120930-15-27-L_aligned.ply,1315.546158,0.044503941,1051.12,21.71883945,,
UF-H-120930-34-52-R_aligned.ply,1380.703422,0.053184726,1109.75,24.85536864,,
UF-H-120930-38-22-R_aligned.ply,952.0201679,0.03396551,1041.88,159.9470252,,
UF-H-120930-39-45-L_aligned.ply,1279.829301,0.04948119,1128.38,155.8534458,,
UF-H-120930-40-28-L_aligned.ply,932.772406,0.035029342,993.5,159.6063645,,
UF-H-120930-40-67-R_aligned.ply,1660.784823,0.062529409,1182.5,26.2675244,,
UF-H-120930-46-67-L_aligned.ply,2007.932694,0.060196526,1393.88,154.0422366,,
UF-H-120930-61-48-R_aligned.ply,1475.323655,0.052959439,1159.88,155.03227,,
UF-H-120930-61-64-R_aligned.ply,2071.241566,0.081251905,1293.25,29.58875642,,TRUE
UF-H-120930-63-23-L_aligned.ply,682.9128175,0.026888835,957.62,19.07118321,,
UF-H-120930-64-68-L_aligned.ply,1415.137491,0.048525861,1202.12,23.30194146,,
UF-H-120930-65-25-R_aligned.ply,1038.682222,0.03096024,1062.88,18.95915449,,
UF-H-120930-65-52-L_aligned.ply,769.5589421,0.032107688,1000.62,20.02083762,,
UF-H-120930-87-71-R_aligned.ply,2618.194065,0.077708413,1427.88,28.52989482,,
UF-H-120930-88-67-L_aligned.ply,1188.94428,0.047612374,1088.75,23.4508761,,
UF-H-120930-89-45-L_aligned.ply,762.011887,0.031392948,967.38,159.8150696,,
UF-H-120930-89-45-R_aligned.ply,1430.662203,0.048427537,1173.62,23.32681804,,
UF-H-120930-9-55-R_aligned.ply,2067.893877,0.070727171,1273.75,28.07856371,,
UF-H-120930-90-27-R_aligned.ply,811.044684,0.029946525,990.12,18.62161282,,
UF-H-120930-92-24-L_aligned.ply,763.8978765,0.03219992,961.12,20.46296011,,
UF-H-14114-100-23-L_aligned.ply,1187.231409,0.041100217,925.38,159.8598534,,
UF-H-14114-104-57-L_aligned.ply,587.2399628,0.029798402,1014.88,19.91450947,,
UF-H-14114-105-38-L_aligned.ply,1005.943273,0.040433205,1033,21.22115645,,
UF-H-14114-122-23-R_aligned.ply,348.0645414,0.030674965,677.5,159.8941437,,
UF-H-14114-122-39-L_aligned.ply,1704.886097,0.050056592,1232,23.33560549,,
UF-H-14114-123-36-R_aligned.ply,545.2449735,0.03631391,804.62,157.7890928,,
UF-H-14114-125-24-L_aligned.ply,970.0694532,0.040751199,847.38,21.34975376,,
UF-H-14114-125-57-R_aligned.ply,563.0222164,0.036322467,804.12,21.95445307,,
UF-H-14114-129-54-L_aligned.ply,1225.655749,0.042944418,1082.38,22.02306791,,
UF-H-14114-146-25-R_aligned.ply,1099.567273,0.054818467,881.75,155.2617039,,TRUE
UF-H-14114-147-20-L_aligned.ply,2363.087822,0.085226071,1146,28.3066855,,
UF-H-14114-147-36-R_aligned.ply,916.8884723,0.04686286,968.12,156.4023003,,
UF-H-14114-148-50-R_aligned.ply,607.1945325,0.034204965,872.75,159.8277936,,
UF-H-14114-150-47-L_aligned.ply,1793.227261,0.05155918,1252.88,156.9459883,,
UF-H-14114-152-33-L_aligned.ply,2660.754062,0.084284669,1316,28.50740366,,TRUE
UF-H-14114-19-40-L_aligned.ply,544.467577,0.029935182,895,160.0038217,,
UF-H-14114-20-22-L_aligned.ply,959.8085576,0.039728057,1030.75,22.14389897,,
UF-H-14114-25-30-L_aligned.ply,755.4440582,0.035471188,976.5,20.90872724,,
UF-H-14114-41-28-R_aligned.ply,1643.646761,0.029905741,1475.38,161.9873339,,
UF-H-14114-45-60-R_aligned.ply,719.4281092,0.022022855,1492.62,17.21198251,,
UF-H-14114-46-43-L_aligned.ply,583.7515409,0.0269598,1008.12,160.4726863,,
UF-H-14114-47-37-R_aligned.ply,1318.506017,0.029975586,1289.62,162.1620261,,
UF-H-14114-48-59-L_aligned.ply,525.1656695,0.028124946,922,160.5299079,,
UF-H-14114-49-21-L_aligned.ply,646.105413,0.029003244,925.75,160.5864834,,
UF-H-14114-69-60-R_aligned.ply,748.562678,0.029905225,1133.25,160.4556746,,
UF-H-14114-71-25-R_aligned.ply,1110.858532,0.029671694,1192.38,161.3623598,,
UF-H-14114-71-45-R_aligned.ply,1118.144635,0.038198768,1198.25,158.7682876,,
UF-H-14114-74-57-L_aligned.ply,572.8473694,0.035027699,894.5,21.36620195,,
UF-H-14114-75-40-L_aligned.ply,600.3414776,0.032105984,973.62,159.1681508,,
UF-H-14114-95-60-R_aligned.ply,624.0680962,0.033736336,946.62,21.46507323,,
UF-H-14114-97-24-R_aligned.ply,306.6804376,0.021181797,745.12,17.49109004,,
UF-H-14114-97-40-R_aligned.ply,576.1298649,0.031695751,965.12,20.41857984,,
UF-H-143696-107-56-R_aligned.ply,1046.811952,0.072376546,792.25,153.4975443,,
UF-H-143696-108-40-R_aligned.ply,987.9254842,0.069400002,767.62,152.2187623,,
UF-H-143696-108-54-L_aligned.ply,2195.292817,0.074685982,1021.5,152.7791814,,
UF-H-143696-109-57-L_aligned.ply,1817.796654,0.062485378,1000,25.4888692,,
UF-H-143696-11-20-R_aligned.ply,848.9700706,0.039692155,1120.12,158.2360044,,
UF-H-143696-111-35-R_aligned.ply,673.6556249,0.054055132,717.38,154.7597914,,
UF-H-143696-12-26-R_aligned.ply,886.508708,0.048134844,1034.38,23.72523652,,TRUE
UF-H-143696-129-35-R_aligned.ply,558.4245197,0.050897538,685.62,155.0172728,,
UF-H-143696-129-48-L_aligned.ply,520.9943295,0.053701083,629.38,24.92683604,,
UF-H-143696-131-33-L_aligned.ply,811.755016,0.066039574,751.12,27.40060815,,
UF-H-143696-132-41-R_aligned.ply,514.5663055,0.050684575,630.5,24.96405559,,
UF-H-143696-132-42-R_aligned.ply,539.0272024,0.049245219,711.88,24.05840065,,
UF-H-143696-136-39-L_aligned.ply,618.3528882,0.064991834,638.38,152.5492042,,
UF-H-143696-39-61-R_aligned.ply,1354.824144,0.054062768,1104.88,156.5600561,,
UF-H-143696-41-38-R_aligned.ply,948.3515467,0.043530088,1086,157.0666799,,
UF-H-143696-41-58-L_aligned.ply,706.3500143,0.035735212,848.5,158.9176566,,
UF-H-143696-43-46-L_aligned.ply,764.0983926,0.040560115,929.62,22.37408327,,
UF-H-143696-46-28-R_aligned.ply,880.6009378,0.040404759,1026.62,157.9432308,,
UF-H-143696-47-27-L_aligned.ply,1272.456813,0.039994544,1229.38,21.55439372,,
UF-H-143696-64-33-R_aligned.ply,1970.009508,0.065057582,1149.88,25.12778516,,
UF-H-143696-64-60-L_aligned.ply,449.9452592,0.040240797,629.75,157.3431195,,
UF-H-143696-65-51-L_aligned.ply,689.7650597,0.048002241,819.62,24.78270517,,
UF-H-143696-68-34-L_aligned.ply,776.8684054,0.042439911,983.88,22.93000445,,
UF-H-143696-83-31-R_aligned.ply,1010.76702,0.043932079,942.88,22.18508846,,
UF-H-143696-90-23-L_aligned.ply,3845.124937,0.07626719,1615.75,26.64697295,,
UF-H-143696-90-62-L_aligned.ply,723.4018899,0.045683222,767.62,156.5734277,,
UF-H-143696-95-42-L_aligned.ply,3337.319122,0.08426093,1328.88,28.96617589,,
UF-H-150407-10-75-R_aligned.ply,203.2257378,0.022504593,461.12,16.3636111,,
UF-H-150407-102-99-R_aligned.ply,136.4962633,0.01688697,408.12,15.17050619,,
UF-H-150407-12-79-L_aligned.ply,141.0269262,0.002107062,355.38,14.71189499,,
UF-H-150407-131-30-R_aligned.ply,49.5316934,0.005741013,300.75,11.40092161,0.3,
UF-H-150407-131-35-L_aligned.ply,44.3352266,0.008368096,260.38,168.4458206,0.25,
UF-H-150407-132-111-L_aligned.ply,196.6454074,0.02202675,426.75,163.0272288,,
UF-H-150407-132-63-R_aligned.ply,108.293401,0.0154983,329.75,164.8845003,0.22,
UF-H-150407-134-99-R_aligned.ply,142.4688774,0.01744034,412.75,164.8710249,0.21,
UF-H-150407-135-69-L_aligned.ply,136.3656245,0.01548179,326.75,163.5568494,0.29,
UF-H-150407-14-62-L_aligned.ply,136.1125088,0.01238792,395.12,14.63087626,0.25,
UF-H-150407-161-29-L_aligned.ply,52.83264941,0.007304807,212.75,13.62652126,0.38,
UF-H-150407-163-34-R_aligned.ply,60.43634534,0.01211122,287.5,166.5622176,0.24,
UF-H-150407-166-57-R_aligned.ply,125.163221,0.01920067,332.88,16.11555536,0.25,
UF-H-150407-166-95-L_aligned.ply,126.6514988,0.01747971,339.25,164.0984801,0.21,
UF-H-150407-168-58-L_aligned.ply,137.9247464,0.0210113,297.12,17.43501651,0.22,
UF-H-150407-168-83-R_aligned.ply,195.7512942,0.02627068,409,17.8095461,,
UF-H-150407-191-25-L_aligned.ply,89.10289993,0.01978325,261,163.4648136,0.25,
UF-H-150407-193-24-R_aligned.ply,89.77384828,0.01633998,258.38,16.88817898,0.37,
UF-H-150407-196-78-L_aligned.ply,178.9323977,0.02319948,392.88,18.03363166,,
UF-H-150407-197-61-L_aligned.ply,150.3321879,0.02911178,310.5,160.880268,,
UF-H-150407-199-77-R_aligned.ply,202.9620283,0.02346954,402.5,18.66630429,,
UF-H-150407-20-55-R_aligned.ply,132.3901647,0.01258569,388.25,165.8591226,0.29,
UF-H-150407-202-57-R_aligned.ply,155.7509006,0.02655568,309,161.3650472,0.23,
UF-H-150407-25-36-R_aligned.ply,94.56713448,0.01001921,369.38,13.48522211,0.23,
UF-H-150407-26-19-L_aligned.ply,94.21796813,0.01187351,342.25,14.2544031,0.31,
UF-H-150407-49-86-L_aligned.ply,124.2317331,0.00923274,375.75,14.06877995,,
UF-H-150407-56-92-R_aligned.ply,132.1519068,0.01335487,408,165.2926161,0.22,
UF-H-150407-58-60-L_aligned.ply,112.5859212,0.01711532,333.62,15.13385771,0.21,
UF-H-150407-59-36-L_aligned.ply,64.07746081,0.009876227,282.88,13.04097829,0.41,
UF-H-150407-62-33-R_aligned.ply,55.59987344,0.009199746,287.5,167.5094228,0.25,
UF-H-150407-63-73-R_aligned.ply,133.7163684,0.01715378,366.62,164.2007165,0.24,
UF-H-150407-94-82-L_aligned.ply,143.0589038,0.0120464,378.5,164.2955759,0.26,
UF-H-150407-97-103-L_aligned.ply,161.805131,0.02006805,389.5,16.36191386,0.24,
UF-H-150407-98-29-R_aligned.ply,45.0388156,0.006637686,274.12,11.19677647,0.31,
UF-H-150407-98-43-L_aligned.ply,54.83284605,0.009197667,249.75,12.83329234,0.31,
UF-H-150407-99-82-R_aligned.ply,125.3517587,0.0138081,362,164.5925397,0.37,
UF-H-19011-100-47-L_aligned.ply,392.0591263,0.026254288,668.38,18.34024635,,
UF-H-19011-108-72-L_aligned.ply,381.9430495,0.021170814,695.25,162.4074895,,
UF-H-19011-121-24-R_aligned.ply,639.7559065,0.028460871,809.12,161.8842914,,
UF-H-19011-124-64-R_aligned.ply,674.0934792,0.039351493,773.75,22.98629884,,
UF-H-19011-124-70-L_aligned.ply,410.5489787,0.024110229,720.5,161.8849698,,
UF-H-19011-125-59-R_aligned.ply,691.7246158,0.04323547,791.5,23.25618572,,
UF-H-19011-127-26-L_aligned.ply,936.1635027,0.032708381,794.12,18.77318109,,
UF-H-19011-128-48-L_aligned.ply,620.0361274,0.031058029,799.88,160.1025236,,
UF-H-19011-14-50-R_aligned.ply,459.1572567,0.02351878,844,17.65779441,,
UF-H-19011-142-42-R_aligned.ply,678.8982365,0.04286119,785.5,22.70307359,,
UF-H-19011-147-19-R_aligned.ply,879.2867327,0.042366351,772.25,21.07532477,,
UF-H-19011-15-27-R_aligned.ply,409.5612748,0.018922686,833.88,163.5565662,,
UF-H-19011-150-28-L_aligned.ply,2102.446054,0.058088302,1010.5,157.5930303,,
UF-H-19011-150-54-R_aligned.ply,744.6107516,0.04941313,801.5,24.27467469,,
UF-H-19011-159-60-L_aligned.ply,1306.912487,0.044128452,963,157.7251151,,
UF-H-19011-38-68-L_aligned.ply,305.3437829,0.013711926,791.25,15.43566553,,
UF-H-19011-41-25-R_aligned.ply,278.0327253,0.015194463,663.5,14.87033154,,
UF-H-19011-44-47-R_aligned.ply,323.7574965,0.015425449,792.25,164.5011506,,
UF-H-19011-44-57-L_aligned.ply,318.1205597,0.016169532,770.5,15.91790742,,
UF-H-19011-45-27-R_aligned.ply,462.7908185,0.033618813,652.88,160.7967758,,TRUE
UF-H-19011-47-33-L_aligned.ply,218.1029306,0.010388068,746.12,166.717183,,
UF-H-19011-66-56-L_aligned.ply,301.7536217,0.016559237,697.62,164.3888947,,
UF-H-19011-67-47-R_aligned.ply,277.7797813,0.015028598,707.62,165.58926,,
UF-H-19011-71-74-R_aligned.ply,324.838375,0.015440984,816.62,164.8722571,,
UF-H-19011-72-19-R_aligned.ply,1331.656735,0.033368639,908.5,17.906365,,
UF-H-19011-72-28-L_aligned.ply,270.0949946,0.017782496,616,164.2417194,,
UF-H-19011-82-68-L_aligned.ply,296.1382417,0.015662089,686.62,15.80034189,,
UF-H-19011-9-38-R_aligned.ply,514.3505909,0.024436365,921.5,161.7747638,,
UF-H-19011-94-42-R_aligned.ply,401.59301,0.017308005,811.88,16.14652057,,
UF-H-19011-94-65-R_aligned.ply,460.1022978,0.027656199,783.62,160.9762579,,
UF-H-19011-95-25-R_aligned.ply,322.5606377,0.017350446,747.5,14.78723873,,
UF-H-19011-99-25-L_aligned.ply,356.2985046,0.02308446,633.75,17.19971188,,
UF-H-37228-106-25-L_aligned.ply,929.3350713,0.0265959,1364.25,161.8201305,,
UF-H-37228-106-38-R_aligned.ply,869.1571455,0.036064675,1153.62,158.0076826,,
UF-H-37228-106-44-L_aligned.ply,1072.95841,0.041446302,1265.25,157.0240048,,
UF-H-37228-107-23-R_aligned.ply,647.478362,0.02197987,1231.62,162.2409259,,
UF-H-37228-108-36-L_aligned.ply,862.5639729,0.034365654,1238.88,159.2254849,,
UF-H-37228-111-48-R_aligned.ply,1131.410909,0.047048241,1251,24.40644091,,
UF-H-37228-124-41-L_aligned.ply,1385.34476,0.047285253,1486.5,156.295323,,
UF-H-37228-128-29-L_aligned.ply,1800.057149,0.041164655,1476.25,158.1599279,,
UF-H-37228-129-32-L_aligned.ply,1574.073496,0.042930107,1501.62,157.4598073,,
UF-H-37228-13-29-R_aligned.ply,1107.273274,0.03838979,1280.62,22.08474648,,
UF-H-37228-130-29-R_aligned.ply,1073.314822,0.039867323,1266,157.9025502,,
UF-H-37228-130-40-R_aligned.ply,1164.798262,0.046594975,1266.38,156.2384341,,
UF-H-37228-134-38-R_aligned.ply,1320.099903,0.053878536,1289.88,24.88445401,,
UF-H-37228-15-26-R_aligned.ply,942.5630701,0.03564995,1246.62,21.01854903,,
UF-H-37228-19-30-L_aligned.ply,930.5851246,0.035790048,1263.25,21.4015346,,
UF-H-37228-19-35-L_aligned.ply,1104.965399,0.037429465,1443.75,21.82038109,,
UF-H-37228-22-27-L_aligned.ply,1128.428165,0.033959866,1644.12,159.3638916,,
UF-H-37228-38-36-R_aligned.ply,858.6987335,0.041756342,1141.88,157.8334921,,TRUE
UF-H-37228-38-40-R_aligned.ply,707.0664074,0.031155334,1045.5,20.56717336,,
UF-H-37228-42-35-L_aligned.ply,791.6190968,0.030423497,1177.5,159.4721424,,
UF-H-37228-45-35-L_aligned.ply,835.9173117,0.032233177,1194.38,158.8264514,,
UF-H-37228-47-35-L_aligned.ply,817.2610664,0.032657856,1201.88,159.1422317,,
UF-H-37228-48-33-R_aligned.ply,822.294219,0.028802024,1231.38,160.035121,,
UF-H-37228-62-49-R_aligned.ply,1032.113548,0.04116234,1294.12,157.1301816,,
UF-H-37228-63-22-R_aligned.ply,626.6131404,0.025373116,1127,161.3106034,,
UF-H-37228-63-33-R_aligned.ply,815.427673,0.031642435,1208.5,159.5453358,,
UF-H-37228-65-26-L_aligned.ply,661.3896364,0.025699549,1157.88,161.0955473,,
UF-H-37228-65-35-L_aligned.ply,1499.716725,0.036753234,1384.62,158.0838568,,
UF-H-37228-8-28-R_aligned.ply,1105.754136,0.040162075,1272.75,22.41077011,,
UF-H-37228-84-38-R_aligned.ply,846.3798794,0.036729837,1130.38,158.7332214,,
UF-H-37228-85-20-R_aligned.ply,583.5611329,0.022857726,1088.12,162.0794803,,
UF-H-37228-85-22-L_aligned.ply,1604.535564,0.03535711,1498.88,19.40113904,,
UF-H-37228-86-51-R_aligned.ply,1112.342168,0.04472966,1269.25,156.5378552,,
UF-H-40534-104-32-R_aligned.ply,1413.912426,0.056462969,1181.25,25.09866416,,TRUE
UF-H-40534-105-19-R_aligned.ply,772.6131624,0.049159698,1025.38,156.1456852,,
UF-H-40534-107-20-L_aligned.ply,816.4655023,0.052395171,1076,23.98274026,,
UF-H-40534-123-25-L_aligned.ply,1484.840886,0.065037098,1276.12,26.37355876,,
UF-H-40534-124-41-L_aligned.ply,2024.997554,0.06968648,1451.5,25.99479493,,
UF-H-40534-125-20-L_aligned.ply,1382.563409,0.062667273,1258.12,26.28197012,,
UF-H-40534-125-38-R_aligned.ply,3202.346237,0.081412545,1605.25,27.67868829,,
UF-H-40534-17-23-L_aligned.ply,827.4673762,0.037113876,1291.75,21.69618474,,
UF-H-40534-18-28-L_aligned.ply,776.2835745,0.036274671,1211.88,21.99999633,,
UF-H-40534-18-29-R_aligned.ply,817.1682071,0.039724761,1190.38,22.07899942,,
UF-H-40534-19-22-R_aligned.ply,907.487562,0.04190265,1302.38,22.64152733,,
UF-H-40534-19-31-R_aligned.ply,800.8883757,0.038564909,1181,158.2075029,,
UF-H-40534-21-31-L_aligned.ply,738.234088,0.036223605,1226.88,21.37354864,,
UF-H-40534-36-46-L_aligned.ply,675.006865,0.026848554,1347.75,161.0719248,,
UF-H-40534-37-20-L_aligned.ply,620.7595506,0.027814082,1204.12,161.0142151,,
UF-H-40534-38-48-R_aligned.ply,686.649205,0.028691628,1211.62,19.47350353,,
UF-H-40534-40-21-R_aligned.ply,722.6193614,0.028489185,1221.88,160.2262031,,
UF-H-40534-40-35-R_aligned.ply,720.1373071,0.031669211,1194.38,159.7058197,,
UF-H-40534-44-38-L_aligned.ply,703.778193,0.039667836,1147.12,21.91455182,,TRUE
UF-H-40534-62-21-R_aligned.ply,742.3962397,0.03117778,1191.12,20.52244967,,
UF-H-40534-62-47-L_aligned.ply,606.813543,0.029548424,1127.5,19.4735549,,
UF-H-40534-62-48-R_aligned.ply,778.9062999,0.033012962,1163.12,21.06663973,,
UF-H-40534-63-22-L_aligned.ply,594.4155118,0.028509499,1087.62,19.3847007,,
UF-H-40534-65-31-L_aligned.ply,667.1616793,0.028201563,1249.12,161.1600021,,
UF-H-40534-65-33-R_aligned.ply,697.6284859,0.030267892,1164.75,160.1758893,,
UF-H-40534-83-32-L_aligned.ply,680.4443267,0.02849082,1307.75,18.70732251,,
UF-H-40534-83-36-R_aligned.ply,648.3013763,0.032466496,1126.38,160.0169493,,
UF-H-40534-84-19-R_aligned.ply,716.3639256,0.038835955,1077.62,21.78039382,,
UF-H-40534-86-19-L_aligned.ply,635.3363743,0.033115988,1122,159.5738504,,
UF-H-40534-86-48-R_aligned.ply,678.2915505,0.036433502,1019.88,21.48086755,,
UF-H-40534-87-51-L_aligned.ply,917.3278138,0.043724195,1161.25,158.5347086,,
UF-H-43889-106-32-R_aligned.ply,2764.506237,0.050919747,2282,23.24688872,,
UF-H-43889-108-28-R_aligned.ply,2927.252544,0.053607389,2256.38,155.885222,,
UF-H-43889-108-31-L_aligned.ply,2004.802012,0.046711273,2034.62,157.4589532,,
UF-H-43889-108-37-R_aligned.ply,2296.928454,0.038688067,2227.25,20.41415072,,
UF-H-43889-111-30-L_aligned.ply,1964.985958,0.045869526,2000.38,22.75524469,,
UF-H-43889-112-21-L_aligned.ply,2024.250544,0.047122642,1896.12,157.2606441,,
UF-H-43889-13-18-R_aligned.ply,888.4122337,0.027517352,1547,19.21508248,,
UF-H-43889-13-27-R_aligned.ply,1007.799855,0.029956823,1616.25,19.75211503,,
UF-H-43889-16-20-L_aligned.ply,1487.192421,0.038959052,1989.62,21.06121961,,
UF-H-43889-17-25-L_aligned.ply,1537.274752,0.039129746,1936.38,158.9224951,,
UF-H-43889-18-29-L_aligned.ply,1491.041719,0.036357699,1885.38,159.6695953,,
UF-H-43889-19-24-R_aligned.ply,929.7618372,0.028164355,1554.75,160.6538687,,
UF-H-43889-35-41-R_aligned.ply,1054.243301,0.025682035,1746.25,161.2994626,,
UF-H-43889-37-34-R_aligned.ply,1135.491747,0.028733647,1663.12,19.4210704,,
UF-H-43889-37-35-R_aligned.ply,1217.594277,0.029618225,1791.25,160.3575075,,
UF-H-43889-38-38-L_aligned.ply,2629.380198,0.057663136,2248.62,24.26787267,,
UF-H-43889-41-33-L_aligned.ply,2192.82438,0.048528249,2136.12,157.4313246,,
UF-H-43889-41-40-L_aligned.ply,2519.560185,0.05498484,2238.38,23.75577028,,
UF-H-43889-56-21-R_aligned.ply,2051.861741,0.035417978,2045.25,160.4840223,,
UF-H-43889-56-32-R_aligned.ply,2854.351049,0.0759666,2175.62,154.5739758,,
UF-H-43889-57-20-L_aligned.ply,1185.476246,0.031569413,1782.25,160.8486592,,
UF-H-43889-57-46-R_aligned.ply,1381.617969,0.040054508,1879.25,20.97219872,,TRUE
UF-H-43889-58-31-L_aligned.ply,1512.432148,0.039019079,1905.88,20.85708893,,
UF-H-43889-58-43-L_aligned.ply,1973.503667,0.04625974,2210.25,157.2029158,,
UF-H-43889-73-25-R_aligned.ply,3003.0302,0.068764672,2218.25,24.48366534,,
UF-H-43889-75-44-R_aligned.ply,2441.110437,0.048915822,2020.88,156.9654928,,TRUE
UF-H-43889-76-19-L_aligned.ply,1099.628948,0.030045755,1706.38,160.966525,,
UF-H-43889-76-31-L_aligned.ply,1366.407952,0.037343583,1825.88,159.293094,,
UF-H-43889-76-38-R_aligned.ply,3343.94821,0.054700637,2337,24.71736768,,TRUE
UF-H-43889-78-45-L_aligned.ply,2070.305768,0.048486601,2174,156.57941,,
UF-H-43889-90-18-R_aligned.ply,3196.621833,0.047832999,2103.25,21.63649255,,
UF-H-43889-90-33-L_aligned.ply,2063.551571,0.047831525,1993.12,22.98493249,,
UF-H-43889-92-31-L_aligned.ply,2080.874711,0.048625607,2035,157.1669888,,
UF-H-43889-92-36-R_aligned.ply,3055.560964,0.052227865,2269.88,23.050052,,
UF-H-43889-92-40-L_aligned.ply,2195.870476,0.051957293,2116.75,156.4476035,,
UF-H-43889-96-42-R_aligned.ply,2240.502862,0.038685657,2032.25,159.3464478,,
UF-H-45356-103-31-L_aligned.ply,1036.965477,0.021756389,2202.75,162.9966036,,
UF-H-45356-104-37-L_aligned.ply,1047.675834,0.022311083,2185.5,17.2136424,,
UF-H-45356-105-30-R_aligned.ply,1214.788165,0.022728387,2428,162.3636919,,
UF-H-45356-105-35-R_aligned.ply,1129.547563,0.022050038,2467.12,163.1126119,,
UF-H-45356-106-42-L_aligned.ply,857.3206489,0.018147749,2037.12,16.03336743,,
UF-H-45356-111-34-R_aligned.ply,1328.634743,0.024055013,2650.5,17.50155486,,
UF-H-45356-14-21-R_aligned.ply,1364.936149,0.030353597,2185.25,160.4426047,,
UF-H-45356-15-21-L_aligned.ply,1420.509345,0.034491554,2012.75,20.69753344,,
UF-H-45356-15-29-L_aligned.ply,1471.583783,0.037071251,2258.38,20.57591306,,
UF-H-45356-15-34-L_aligned.ply,1364.27828,0.038761799,1941.88,21.71257485,,TRUE
UF-H-45356-18-28-R_aligned.ply,1474.806307,0.036614923,2210.12,158.3513485,,TRUE
UF-H-45356-18-31-R_aligned.ply,1352.026947,0.036891608,2090.38,158.5943653,,TRUE
UF-H-45356-32-47-R_aligned.ply,1181.982616,0.023376711,2120.12,17.42828841,,
UF-H-45356-34-37-R_aligned.ply,1293.797382,0.025898279,2273.38,18.29039758,,
UF-H-45356-35-21-R_aligned.ply,750.181017,0.014983843,1999.25,165.4556151,,
UF-H-45356-35-22-L_aligned.ply,651.7991522,0.011596386,1942.5,13.80229447,,
UF-H-45356-36-38-L_aligned.ply,1121.585423,0.021136411,2084.12,162.6424561,,
UF-H-45356-36-50-L_aligned.ply,984.52371,0.022310746,1963.75,163.2305776,,
UF-H-45356-49-35-R_aligned.ply,743.4798965,0.014321346,1998,14.69465795,,
UF-H-45356-50-52-R_aligned.ply,688.4922151,0.011839931,1888.12,13.72200704,,
UF-H-45356-52-21-R_aligned.ply,533.2255756,0.008341762,1851,167.3364357,,
UF-H-45356-54-22-L_aligned.ply,629.7576535,0.011392537,1987.38,13.33808414,,
UF-H-45356-55-39-L_aligned.ply,926.5690473,0.017794241,2038.25,164.0953763,,
UF-H-45356-58-50-L_aligned.ply,981.4427771,0.019767417,2040.62,163.9352158,,
UF-H-45356-67-54-R_aligned.ply,650.9891474,0.011459999,1732.12,14.0543072,,
UF-H-45356-69-39-R_aligned.ply,695.19199,0.014599334,1915.5,165.3894794,,
UF-H-45356-70-25-R_aligned.ply,522.0904732,0.006058648,1853.75,12.24197316,,
UF-H-45356-71-41-L_aligned.ply,761.1828315,0.012277772,2077.12,165.5202095,,
UF-H-45356-72-52-L_aligned.ply,752.1501674,0.014768915,1986.38,14.67944267,,
UF-H-45356-73-23-L_aligned.ply,592.2680788,0.008684709,1981.75,167.0842653,,
UF-H-45356-83-53-R_aligned.ply,613.5614935,0.013726731,1770.25,165.8416746,,
UF-H-45356-87-27-R_aligned.ply,640.1097228,0.013234082,1989.25,13.94615513,,
UF-H-45356-87-33-L_aligned.ply,897.8819494,0.017578432,2155.88,164.1194271,,
UF-H-45356-87-38-R_aligned.ply,782.088099,0.016022599,2031.38,15.30731231,,
UF-H-45356-88-23-L_aligned.ply,736.5055143,0.014604178,1991.88,14.5234215,,
UF-H-45356-89-47-L_aligned.ply,777.1671443,0.015890779,1934.12,14.93071667,,
UF-H-53383-100-21-L_aligned.ply,1563.604877,0.039709274,1606.38,158.6408313,,
UF-H-53383-100-29-L_aligned.ply,1138.151875,0.036569729,1488.38,159.0304182,,
UF-H-53383-100-53-R_aligned.ply,937.8302129,0.036041849,1341.5,21.56760107,,
UF-H-53383-118-45-R_aligned.ply,1142.787469,0.040942927,1357,156.9192725,,
UF-H-53383-119-28-L_aligned.ply,1272.641107,0.052656488,1217.38,24.4547033,,
UF-H-53383-119-44-L_aligned.ply,1270.295299,0.045275114,1473.5,23.95497875,,
UF-H-53383-120-41-R_aligned.ply,1222.250661,0.052563139,1290.75,155.3265836,,TRUE
UF-H-53383-120-42-R_aligned.ply,1367.740412,0.056946623,1336.5,24.98630249,,
UF-H-53383-124-34-L_aligned.ply,1101.188269,0.048377987,1238.5,155.8250838,,
UF-H-53383-17-30-R_aligned.ply,1211.3967,0.048068291,1480.25,24.13228477,,TRUE
UF-H-53383-17-37-R_aligned.ply,1143.757286,0.046467109,1438.75,23.47947181,,TRUE
UF-H-53383-18-25-R_aligned.ply,1116.717364,0.037724461,1543.5,21.56150732,,TRUE
UF-H-53383-35-56-R_aligned.ply,835.8159334,0.027038104,1431.38,160.5740393,,
UF-H-53383-36-43-R_aligned.ply,930.5385499,0.024277305,1671.5,161.3719917,,
UF-H-53383-37-27-R_aligned.ply,944.5660614,0.022567281,1622.5,162.2590861,,
UF-H-53383-57-62-R_aligned.ply,857.2736072,0.026509986,1398.62,19.74884942,,
UF-H-53383-58-26-R_aligned.ply,735.4715216,0.023123713,1427,17.70220353,,
UF-H-53383-60-21-L_aligned.ply,3059.268243,0.03804336,2035.38,19.12828385,,
UF-H-53383-60-33-L_aligned.ply,2350.51301,0.031539665,1914.62,18.22766702,,
UF-H-53383-62-43-R_aligned.ply,1003.830642,0.027195656,1676.62,19.55117904,,
UF-H-53383-65-46-L_aligned.ply,1390.165782,0.027546317,2017.25,19.15766761,,
UF-H-53383-77-63-R_aligned.ply,865.2495439,0.031216998,1380.88,159.5490636,,
UF-H-53383-78-41-R_aligned.ply,892.7617551,0.034209951,1343,159.040246,,
UF-H-53383-80-38-L_aligned.ply,899.7456806,0.031217362,1564.75,160.2693563,,
UF-H-53383-81-28-R_aligned.ply,737.0996908,0.027159256,1199.38,160.6272601,,
UF-H-53383-82-17-L_aligned.ply,1313.098592,0.028863731,1670.12,161.474492,,
UF-H-53383-87-51-L_aligned.ply,939.2861997,0.029009647,1577.62,19.95436121,,
UF-H-53383-97-28-R_aligned.ply,1986.040345,0.056527179,1498,155.4804295,,
UF-H-53383-98-45-R_aligned.ply,942.279394,0.037013491,1341,158.2762269,,
UF-H-53383-98-46-L_aligned.ply,1019.674037,0.034382366,1464.5,21.42649152,,
UF-H-57728-110-39-R_aligned.ply,1122.939176,0.070841659,953.38,151.4992758,,
UF-H-57728-110-43-L_aligned.ply,999.0810632,0.056768359,1063.75,154.0975188,,
UF-H-57728-111-30-R_aligned.ply,1156.228152,0.074730227,942.5,150.7503394,,
UF-H-57728-112-42-L_aligned.ply,929.5728928,0.058262971,1014.12,154.0755645,,
UF-H-57728-112-50-L_aligned.ply,794.335616,0.044531857,996.12,23.26217828,,
UF-H-57728-113-52-R_aligned.ply,828.4609625,0.04791317,964.75,23.81787986,,
UF-H-57728-12-34-R_aligned.ply,1216.94496,0.085857129,929.88,31.80485581,,TRUE
UF-H-57728-16-28-R_aligned.ply,1509.25247,0.089351452,993.12,147.4970647,,
UF-H-57728-18-21-L_aligned.ply,1576.985945,0.093870831,1018.5,146.7700949,,TRUE
UF-H-57728-20-22-R_aligned.ply,1589.181299,0.090216365,1077,147.5894133,,TRUE
UF-H-57728-21-27-L_aligned.ply,1566.007228,0.092067665,1005.25,147.2515223,,
UF-H-57728-25-36-L_aligned.ply,1434.617564,0.085906124,972.62,31.42838786,,
UF-H-57728-37-43-L_aligned.ply,1422.572642,0.071994995,1048.75,29.01842564,,
UF-H-57728-40-29-R_aligned.ply,1313.360737,0.078771647,993,149.8561717,,
UF-H-57728-41-38-R_aligned.ply,1349.138934,0.074642353,1054.75,150.4301804,,
UF-H-57728-43-47-L_aligned.ply,1194.261154,0.068865975,983.62,28.19224317,,
UF-H-57728-43-53-R_aligned.ply,1059.702837,0.054599398,1106.25,154.4138801,,
UF-H-57728-46-56-L_aligned.ply,857.2609271,0.045740623,1025.25,23.29145219,,
UF-H-57728-56-30-R_aligned.ply,1636.382017,0.085423498,1011.5,30.82410518,,
UF-H-57728-58-61-R_aligned.ply,878.0504382,0.044993482,1058.75,23.55999375,,
UF-H-57728-59-47-R_aligned.ply,1328.888907,0.071186068,1124.5,28.90316647,,
UF-H-57728-63-56-L_aligned.ply,934.0205364,0.049717518,997,155.8336683,,
UF-H-57728-64-43-L_aligned.ply,1257.784738,0.069649958,1052.38,151.5667624,,
UF-H-57728-65-56-L_aligned.ply,868.4285739,0.047124064,946.75,24.05905673,,
UF-H-57728-77-29-R_aligned.ply,1611.395458,0.091513122,995.62,31.90808235,,
UF-H-57728-77-57-L_aligned.ply,837.6872274,0.043283874,1057.75,156.7182279,,
UF-H-57728-77-61-R_aligned.ply,792.8815703,0.042384337,960,157.2304995,,
UF-H-57728-78-41-R_aligned.ply,1423.914407,0.08057498,1036.62,149.7669481,,
UF-H-57728-79-33-L_aligned.ply,1285.384524,0.073354362,1044.25,29.49578782,,
UF-H-57728-82-47-L_aligned.ply,1163.682749,0.062044305,1067.62,152.6292676,,
UF-H-57728-94-45-R_aligned.ply,1123.589187,0.067097556,970.75,152.0270541,,
UF-H-57728-95-35-R_aligned.ply,1216.467348,0.07578353,948.25,150.8436666,,
UF-H-57728-95-37-L_aligned.ply,1191.14979,0.066899034,1085.25,27.84901299,,
UF-H-57728-95-57-R_aligned.ply,840.9832787,0.04769207,959.75,156.1172534,,
UF-H-57728-96-56-L_aligned.ply,807.6573506,0.042315794,1019.75,22.89978161,,
UF-H-57728-98-44-L_aligned.ply,1057.738058,0.061776976,1040.62,153.1323074,,
